entity,type,url,sentence
NASA+,ORG,https://history.nasa.gov/SP-4225/documentation/mars/mars.htm,"News & Events
News & Events
News Releases
Recently Published
Video Series on NASA+
Podcasts & Audio
Blogs
Newsletters
Social Media
Media Resources
Events
Upcoming Launches & Landings
Virtual Guest Program
Multimedia
Multimedia
NASA+
Images
NASA Live
NASA Apps
Podcasts
Image of the Day
e-Books
Interactives
STEM Multimedia
NASA Brand & Usage Guidelines
NASA+
Search
Suggested Searches
Climate Change
Artemis
Expedition 64
Mars perseverance
SpaceX Crew-2
International Space Station
View All Topics A-Z
Home
Missions
Humans in Space
Earth
The Solar System
The Universe
Science
Aeronautics
Technology
Learning Resources"
NASA,ORG,https://history.nasa.gov/SP-4225/documentation/mars/mars.htm,"News & Events
News & Events
News Releases
Recently Published
Video Series on NASA+
Podcasts & Audio
Blogs
Newsletters
Social Media
Media Resources
Events
Upcoming Launches & Landings
Virtual Guest Program
Multimedia
Multimedia
NASA+
Images
NASA Live
NASA Apps
Podcasts
Image of the Day
e-Books
Interactives
STEM Multimedia
NASA Brand & Usage Guidelines
NASA+
Search
Suggested Searches
Climate Change
Artemis
Expedition 64
Mars perseverance
SpaceX Crew-2
International Space Station
View All Topics A-Z
Home
Missions
Humans in Space
Earth
The Solar System
The Universe
Science
Aeronautics
Technology
Learning Resources"
Artemis,ORG,https://history.nasa.gov/SP-4225/documentation/mars/mars.htm,"News & Events
News & Events
News Releases
Recently Published
Video Series on NASA+
Podcasts & Audio
Blogs
Newsletters
Social Media
Media Resources
Events
Upcoming Launches & Landings
Virtual Guest Program
Multimedia
Multimedia
NASA+
Images
NASA Live
NASA Apps
Podcasts
Image of the Day
e-Books
Interactives
STEM Multimedia
NASA Brand & Usage Guidelines
NASA+
Search
Suggested Searches
Climate Change
Artemis
Expedition 64
Mars perseverance
SpaceX Crew-2
International Space Station
View All Topics A-Z
Home
Missions
Humans in Space
Earth
The Solar System
The Universe
Science
Aeronautics
Technology
Learning Resources"
Mars,ORG,https://history.nasa.gov/SP-4225/documentation/mars/mars.htm,"News & Events
News & Events
News Releases
Recently Published
Video Series on NASA+
Podcasts & Audio
Blogs
Newsletters
Social Media
Media Resources
Events
Upcoming Launches & Landings
Virtual Guest Program
Multimedia
Multimedia
NASA+
Images
NASA Live
NASA Apps
Podcasts
Image of the Day
e-Books
Interactives
STEM Multimedia
NASA Brand & Usage Guidelines
NASA+
Search
Suggested Searches
Climate Change
Artemis
Expedition 64
Mars perseverance
SpaceX Crew-2
International Space Station
View All Topics A-Z
Home
Missions
Humans in Space
Earth
The Solar System
The Universe
Science
Aeronautics
Technology
Learning Resources"
International Space Station,ORG,https://history.nasa.gov/SP-4225/documentation/mars/mars.htm,"News & Events
News & Events
News Releases
Recently Published
Video Series on NASA+
Podcasts & Audio
Blogs
Newsletters
Social Media
Media Resources
Events
Upcoming Launches & Landings
Virtual Guest Program
Multimedia
Multimedia
NASA+
Images
NASA Live
NASA Apps
Podcasts
Image of the Day
e-Books
Interactives
STEM Multimedia
NASA Brand & Usage Guidelines
NASA+
Search
Suggested Searches
Climate Change
Artemis
Expedition 64
Mars perseverance
SpaceX Crew-2
International Space Station
View All Topics A-Z
Home
Missions
Humans in Space
Earth
The Solar System
The Universe
Science
Aeronautics
Technology
Learning Resources"
NASA,ORG,https://history.nasa.gov/SP-4225/documentation/mars/mars.htm,"About NASA
Español
News & Events
Multimedia
NASA+
Featured
7 min read
NASA Releases Artemis II Moon Mission Launch Countdown
article"
NASA,ORG,https://history.nasa.gov/SP-4225/documentation/mars/mars.htm,"NASA’s Artemis II Moon Mission Daily Agenda
article
3 weeks ago
3 min read
Track NASA’s Artemis II Mission in Real Time
article
4 weeks ago
Back
Missions
Search All NASA Missions
A to Z List of Missions
Upcoming Launches and Landings
Spaceships and Rockets
Communicating with Missions
Artemis
James Webb Space Telescope
Hubble Space Telescope
International Space Station
OSIRIS-Rex
Humans in Space
Why Go to Space
Astronauts
Commercial Space
Destinations
Spaceships and Rockets
Living in Space
Earth
Explore Earth Science
Climate Change
Earth, Our Planet
Earth Science in Action
Earth Multimedia
Earth Data
Earth Science Researchers
The Solar System
The Sun
Mercury
Venus
Earth
The Moon
Mars
Jupiter
Saturn
Uranus
Neptune
Pluto & Dwarf Planets
Asteroids, Comets & Meteors
The Kuiper Belt
The Oort Cloud
Skywatching
The Universe
Exoplanets
The Search for Life in the Universe
Stars
Galaxies
Black Holes
The Big Bang
Dark Energy
Dark Matter
Science
Earth Science
Planetary Science
Astrophysics & Space Science
The Sun & Heliophysics
Biological & Physical Sciences
Lunar Science
Citizen Science
Astromaterials
Aeronautics Research
Human Space Travel Research
Aeronautics
Science in the Air
NASA Aircraft
Flight Research Innovation
Supersonic Flight
Air Traffic Solutions
Green Aviation Tech
Drones & You
Technology
Technology Transfer & Spinoffs
Space Travel Technology
Technology Living in Space
Manufacturing and Materials
Robotics
Science Instruments
Computing
Learning Resources
For Kids and Students
For Educators
For Colleges and Universities
For Professionals
Science for Everyone
Requests for Exhibits, Artifacts, Speakers & Flyovers
STEM Engagement at NASA
About NASA
NASA's Impacts
Centers and Facilities
Directorates"
Daily,DATE,https://history.nasa.gov/SP-4225/documentation/mars/mars.htm,"NASA’s Artemis II Moon Mission Daily Agenda
article
3 weeks ago
3 min read
Track NASA’s Artemis II Mission in Real Time
article
4 weeks ago
Back
Missions
Search All NASA Missions
A to Z List of Missions
Upcoming Launches and Landings
Spaceships and Rockets
Communicating with Missions
Artemis
James Webb Space Telescope
Hubble Space Telescope
International Space Station
OSIRIS-Rex
Humans in Space
Why Go to Space
Astronauts
Commercial Space
Destinations
Spaceships and Rockets
Living in Space
Earth
Explore Earth Science
Climate Change
Earth, Our Planet
Earth Science in Action
Earth Multimedia
Earth Data
Earth Science Researchers
The Solar System
The Sun
Mercury
Venus
Earth
The Moon
Mars
Jupiter
Saturn
Uranus
Neptune
Pluto & Dwarf Planets
Asteroids, Comets & Meteors
The Kuiper Belt
The Oort Cloud
Skywatching
The Universe
Exoplanets
The Search for Life in the Universe
Stars
Galaxies
Black Holes
The Big Bang
Dark Energy
Dark Matter
Science
Earth Science
Planetary Science
Astrophysics & Space Science
The Sun & Heliophysics
Biological & Physical Sciences
Lunar Science
Citizen Science
Astromaterials
Aeronautics Research
Human Space Travel Research
Aeronautics
Science in the Air
NASA Aircraft
Flight Research Innovation
Supersonic Flight
Air Traffic Solutions
Green Aviation Tech
Drones & You
Technology
Technology Transfer & Spinoffs
Space Travel Technology
Technology Living in Space
Manufacturing and Materials
Robotics
Science Instruments
Computing
Learning Resources
For Kids and Students
For Educators
For Colleges and Universities
For Professionals
Science for Everyone
Requests for Exhibits, Artifacts, Speakers & Flyovers
STEM Engagement at NASA
About NASA
NASA's Impacts
Centers and Facilities
Directorates"
James Webb,PERSON,https://history.nasa.gov/SP-4225/documentation/mars/mars.htm,"NASA’s Artemis II Moon Mission Daily Agenda
article
3 weeks ago
3 min read
Track NASA’s Artemis II Mission in Real Time
article
4 weeks ago
Back
Missions
Search All NASA Missions
A to Z List of Missions
Upcoming Launches and Landings
Spaceships and Rockets
Communicating with Missions
Artemis
James Webb Space Telescope
Hubble Space Telescope
International Space Station
OSIRIS-Rex
Humans in Space
Why Go to Space
Astronauts
Commercial Space
Destinations
Spaceships and Rockets
Living in Space
Earth
Explore Earth Science
Climate Change
Earth, Our Planet
Earth Science in Action
Earth Multimedia
Earth Data
Earth Science Researchers
The Solar System
The Sun
Mercury
Venus
Earth
The Moon
Mars
Jupiter
Saturn
Uranus
Neptune
Pluto & Dwarf Planets
Asteroids, Comets & Meteors
The Kuiper Belt
The Oort Cloud
Skywatching
The Universe
Exoplanets
The Search for Life in the Universe
Stars
Galaxies
Black Holes
The Big Bang
Dark Energy
Dark Matter
Science
Earth Science
Planetary Science
Astrophysics & Space Science
The Sun & Heliophysics
Biological & Physical Sciences
Lunar Science
Citizen Science
Astromaterials
Aeronautics Research
Human Space Travel Research
Aeronautics
Science in the Air
NASA Aircraft
Flight Research Innovation
Supersonic Flight
Air Traffic Solutions
Green Aviation Tech
Drones & You
Technology
Technology Transfer & Spinoffs
Space Travel Technology
Technology Living in Space
Manufacturing and Materials
Robotics
Science Instruments
Computing
Learning Resources
For Kids and Students
For Educators
For Colleges and Universities
For Professionals
Science for Everyone
Requests for Exhibits, Artifacts, Speakers & Flyovers
STEM Engagement at NASA
About NASA
NASA's Impacts
Centers and Facilities
Directorates"
Air,ORG,https://history.nasa.gov/SP-4225/documentation/mars/mars.htm,"NASA’s Artemis II Moon Mission Daily Agenda
article
3 weeks ago
3 min read
Track NASA’s Artemis II Mission in Real Time
article
4 weeks ago
Back
Missions
Search All NASA Missions
A to Z List of Missions
Upcoming Launches and Landings
Spaceships and Rockets
Communicating with Missions
Artemis
James Webb Space Telescope
Hubble Space Telescope
International Space Station
OSIRIS-Rex
Humans in Space
Why Go to Space
Astronauts
Commercial Space
Destinations
Spaceships and Rockets
Living in Space
Earth
Explore Earth Science
Climate Change
Earth, Our Planet
Earth Science in Action
Earth Multimedia
Earth Data
Earth Science Researchers
The Solar System
The Sun
Mercury
Venus
Earth
The Moon
Mars
Jupiter
Saturn
Uranus
Neptune
Pluto & Dwarf Planets
Asteroids, Comets & Meteors
The Kuiper Belt
The Oort Cloud
Skywatching
The Universe
Exoplanets
The Search for Life in the Universe
Stars
Galaxies
Black Holes
The Big Bang
Dark Energy
Dark Matter
Science
Earth Science
Planetary Science
Astrophysics & Space Science
The Sun & Heliophysics
Biological & Physical Sciences
Lunar Science
Citizen Science
Astromaterials
Aeronautics Research
Human Space Travel Research
Aeronautics
Science in the Air
NASA Aircraft
Flight Research Innovation
Supersonic Flight
Air Traffic Solutions
Green Aviation Tech
Drones & You
Technology
Technology Transfer & Spinoffs
Space Travel Technology
Technology Living in Space
Manufacturing and Materials
Robotics
Science Instruments
Computing
Learning Resources
For Kids and Students
For Educators
For Colleges and Universities
For Professionals
Science for Everyone
Requests for Exhibits, Artifacts, Speakers & Flyovers
STEM Engagement at NASA
About NASA
NASA's Impacts
Centers and Facilities
Directorates"
NASA,ORG,https://history.nasa.gov/SP-4225/documentation/mars/mars.htm,"People of NASA
Careers
Internships
Our History
Doing Business with NASA
Get Involved
Contact
NASA en Español
Ciencia
Aeronáutica
Ciencias Terrestres
Sistema Solar
Universo
News & Events
News Releases
Recently Published
Video Series on NASA+
Podcasts & Audio
Blogs
Newsletters
Social Media
Media Resources
Events
Upcoming Launches & Landings
Virtual Guest Program
Multimedia
NASA+
Images
NASA Live
NASA Apps
Podcasts
Image of the Day
e-Books
Interactives
STEM Multimedia
NASA Brand & Usage Guidelines
Featured
7 min read
NASA Releases Artemis II Moon Mission Launch Countdown"
NASA+,ORG,https://history.nasa.gov/SP-4225/documentation/mars/mars.htm,"People of NASA
Careers
Internships
Our History
Doing Business with NASA
Get Involved
Contact
NASA en Español
Ciencia
Aeronáutica
Ciencias Terrestres
Sistema Solar
Universo
News & Events
News Releases
Recently Published
Video Series on NASA+
Podcasts & Audio
Blogs
Newsletters
Social Media
Media Resources
Events
Upcoming Launches & Landings
Virtual Guest Program
Multimedia
NASA+
Images
NASA Live
NASA Apps
Podcasts
Image of the Day
e-Books
Interactives
STEM Multimedia
NASA Brand & Usage Guidelines
Featured
7 min read
NASA Releases Artemis II Moon Mission Launch Countdown"
NASA,ORG,https://history.nasa.gov/SP-4225/documentation/mars/mars.htm,"article
1 week ago
4 min read
Preparing for Artemis II: Training for a Mission Around the Moon
article
2 months ago
7 min read
To Protect Artemis II Astronauts, NASA Experts Keep Eyes on Sun"
NASA,ORG,https://history.nasa.gov/SP-4225/documentation/mars/mars.htm,"Highlights
10 min read
NASA Answers Your Most Pressing Artemis II Questions
article
19 hours ago
1 min read
Artemis II Podcast Series
article
1 week ago
7 min read
NASA Releases Artemis II Moon Mission Launch Countdown
article"
March of the,DATE,https://history.nasa.gov/SP-4225/documentation/mars/mars.htm,"Highlights
4 min read
Barents Sea Tied to Low Arctic Sea Ice
article
2 days ago
3 min read
Réunion Island Lava Reaches the Sea
article
3 days ago
3 min read
March of the Harmattan"
NASA,ORG,https://history.nasa.gov/SP-4225/documentation/mars/mars.htm,"Highlights
5 min read
Meet NASA’s New Artemis II Science Officers"
Webb,PERSON,https://history.nasa.gov/SP-4225/documentation/mars/mars.htm,"NASA Webb, Hubble Share Most Comprehensive View of Saturn to Date
article"
Hubble,PERSON,https://history.nasa.gov/SP-4225/documentation/mars/mars.htm,"NASA Webb, Hubble Share Most Comprehensive View of Saturn to Date
article"
NASA,ORG,https://history.nasa.gov/SP-4225/documentation/mars/mars.htm,"5 min read
NASA-JAXA’s XRISM Telescope Clocks Hot Wind of Galaxy M82
article"
NASA,ORG,https://history.nasa.gov/SP-4225/documentation/mars/mars.htm,"4 min read
NASA’s Hubble Revisits Crab Nebula to Track 25 Years of Expansion
article"
Georgia Peterson,PERSON,https://history.nasa.gov/SP-4225/documentation/mars/mars.htm,"4 min read
Barents Sea Tied to Low Arctic Sea Ice
article
2 days ago
2 min read
Georgia Peterson
article
4 days ago
Highlights
4 min read
NASA Selects Finalists in Student Aircraft Maintenance Competition
article
2 weeks ago
2 min read
NASA’s X-59 Experimental Supersonic Aircraft Makes Second Flight
article"
NASA,ORG,https://history.nasa.gov/SP-4225/documentation/mars/mars.htm,"4 min read
Barents Sea Tied to Low Arctic Sea Ice
article
2 days ago
2 min read
Georgia Peterson
article
4 days ago
Highlights
4 min read
NASA Selects Finalists in Student Aircraft Maintenance Competition
article
2 weeks ago
2 min read
NASA’s X-59 Experimental Supersonic Aircraft Makes Second Flight
article"
NASA,ORG,https://history.nasa.gov/SP-4225/documentation/mars/mars.htm,"2 weeks ago
2 min read
NASA Simulations Improve Artemis II Launch Environment
article
2 weeks ago
Highlights
3 min read
Fires Tear Through Nebraska Grasslands
article"
Nebraska,GPE,https://history.nasa.gov/SP-4225/documentation/mars/mars.htm,"2 weeks ago
2 min read
NASA Simulations Improve Artemis II Launch Environment
article
2 weeks ago
Highlights
3 min read
Fires Tear Through Nebraska Grasslands
article"
Erik Richards,PERSON,https://history.nasa.gov/SP-4225/documentation/mars/mars.htm,"3 min read
I Am Artemis: Erik Richards
article
1 week ago
6 min read
NASA Tech and Science Bound for Low Earth Orbit on Commercial Launch
article"
NASA,ORG,https://history.nasa.gov/SP-4225/documentation/mars/mars.htm,"3 min read
I Am Artemis: Erik Richards
article
1 week ago
6 min read
NASA Tech and Science Bound for Low Earth Orbit on Commercial Launch
article"
"Featured
1 min read
Join",PERSON,https://history.nasa.gov/SP-4225/documentation/mars/mars.htm,"Featured
1 min read
Join the Artemis Mission to the Moon
article
5 months ago
Featured
11 min read
NASA’s Artemis II Moon Mission Daily Agenda
article
3 weeks ago
4 min read
Preparing for Artemis II: Training for a Mission Around the Moon
article
2 months ago
3 min read
Track NASA’s Artemis II Mission in Real Time
article
4 weeks ago
Highlights
11 min read
La NASA anuncia la cobertura de la misión lunar Artemis II
article
2 weeks ago
15 min read
Agenda diaria de la misión a la Luna de Artemis II de la NASA
article
3 weeks ago
6 min read
La NASA refuerza Artemis: añade una misión y perfecciona su arquitectura general
article
1 month ago
Posts navigation
Older posts
Test
Jessica Taveau"
NASA,ORG,https://history.nasa.gov/SP-4225/documentation/mars/mars.htm,"Featured
1 min read
Join the Artemis Mission to the Moon
article
5 months ago
Featured
11 min read
NASA’s Artemis II Moon Mission Daily Agenda
article
3 weeks ago
4 min read
Preparing for Artemis II: Training for a Mission Around the Moon
article
2 months ago
3 min read
Track NASA’s Artemis II Mission in Real Time
article
4 weeks ago
Highlights
11 min read
La NASA anuncia la cobertura de la misión lunar Artemis II
article
2 weeks ago
15 min read
Agenda diaria de la misión a la Luna de Artemis II de la NASA
article
3 weeks ago
6 min read
La NASA refuerza Artemis: añade una misión y perfecciona su arquitectura general
article
1 month ago
Posts navigation
Older posts
Test
Jessica Taveau"
Jessica Taveau,PERSON,https://history.nasa.gov/SP-4225/documentation/mars/mars.htm,"Featured
1 min read
Join the Artemis Mission to the Moon
article
5 months ago
Featured
11 min read
NASA’s Artemis II Moon Mission Daily Agenda
article
3 weeks ago
4 min read
Preparing for Artemis II: Training for a Mission Around the Moon
article
2 months ago
3 min read
Track NASA’s Artemis II Mission in Real Time
article
4 weeks ago
Highlights
11 min read
La NASA anuncia la cobertura de la misión lunar Artemis II
article
2 weeks ago
15 min read
Agenda diaria de la misión a la Luna de Artemis II de la NASA
article
3 weeks ago
6 min read
La NASA refuerza Artemis: añade una misión y perfecciona su arquitectura general
article
1 month ago
Posts navigation
Older posts
Test
Jessica Taveau"
"Mar 25, 2026",DATE,https://history.nasa.gov/SP-4225/documentation/mars/mars.htm,"Mar 25, 2026"
NASA+,ORG,https://www.nasa.gov/missions/artemis/artemis-i-map/,"News & Events
News & Events
News Releases
Recently Published
Video Series on NASA+
Podcasts & Audio
Blogs
Newsletters
Social Media
Media Resources
Events
Upcoming Launches & Landings
Virtual Guest Program
Multimedia
Multimedia
NASA+
Images
NASA Live
NASA Apps
Podcasts
Image of the Day
e-Books
Interactives
STEM Multimedia
NASA Brand & Usage Guidelines
NASA+
Search
Suggested Searches
Climate Change
Artemis
Expedition 64
Mars perseverance
SpaceX Crew-2
International Space Station
View All Topics A-Z
Home
Missions
Humans in Space
Earth
The Solar System
The Universe
Science
Aeronautics
Technology
Learning Resources"
NASA,ORG,https://www.nasa.gov/missions/artemis/artemis-i-map/,"News & Events
News & Events
News Releases
Recently Published
Video Series on NASA+
Podcasts & Audio
Blogs
Newsletters
Social Media
Media Resources
Events
Upcoming Launches & Landings
Virtual Guest Program
Multimedia
Multimedia
NASA+
Images
NASA Live
NASA Apps
Podcasts
Image of the Day
e-Books
Interactives
STEM Multimedia
NASA Brand & Usage Guidelines
NASA+
Search
Suggested Searches
Climate Change
Artemis
Expedition 64
Mars perseverance
SpaceX Crew-2
International Space Station
View All Topics A-Z
Home
Missions
Humans in Space
Earth
The Solar System
The Universe
Science
Aeronautics
Technology
Learning Resources"
Artemis,ORG,https://www.nasa.gov/missions/artemis/artemis-i-map/,"News & Events
News & Events
News Releases
Recently Published
Video Series on NASA+
Podcasts & Audio
Blogs
Newsletters
Social Media
Media Resources
Events
Upcoming Launches & Landings
Virtual Guest Program
Multimedia
Multimedia
NASA+
Images
NASA Live
NASA Apps
Podcasts
Image of the Day
e-Books
Interactives
STEM Multimedia
NASA Brand & Usage Guidelines
NASA+
Search
Suggested Searches
Climate Change
Artemis
Expedition 64
Mars perseverance
SpaceX Crew-2
International Space Station
View All Topics A-Z
Home
Missions
Humans in Space
Earth
The Solar System
The Universe
Science
Aeronautics
Technology
Learning Resources"
Mars,ORG,https://www.nasa.gov/missions/artemis/artemis-i-map/,"News & Events
News & Events
News Releases
Recently Published
Video Series on NASA+
Podcasts & Audio
Blogs
Newsletters
Social Media
Media Resources
Events
Upcoming Launches & Landings
Virtual Guest Program
Multimedia
Multimedia
NASA+
Images
NASA Live
NASA Apps
Podcasts
Image of the Day
e-Books
Interactives
STEM Multimedia
NASA Brand & Usage Guidelines
NASA+
Search
Suggested Searches
Climate Change
Artemis
Expedition 64
Mars perseverance
SpaceX Crew-2
International Space Station
View All Topics A-Z
Home
Missions
Humans in Space
Earth
The Solar System
The Universe
Science
Aeronautics
Technology
Learning Resources"
International Space Station,ORG,https://www.nasa.gov/missions/artemis/artemis-i-map/,"News & Events
News & Events
News Releases
Recently Published
Video Series on NASA+
Podcasts & Audio
Blogs
Newsletters
Social Media
Media Resources
Events
Upcoming Launches & Landings
Virtual Guest Program
Multimedia
Multimedia
NASA+
Images
NASA Live
NASA Apps
Podcasts
Image of the Day
e-Books
Interactives
STEM Multimedia
NASA Brand & Usage Guidelines
NASA+
Search
Suggested Searches
Climate Change
Artemis
Expedition 64
Mars perseverance
SpaceX Crew-2
International Space Station
View All Topics A-Z
Home
Missions
Humans in Space
Earth
The Solar System
The Universe
Science
Aeronautics
Technology
Learning Resources"
NASA,ORG,https://www.nasa.gov/missions/artemis/artemis-i-map/,"About NASA
Español
News & Events
Multimedia
NASA+
Featured
7 min read
NASA Releases Artemis II Moon Mission Launch Countdown
article"
NASA,ORG,https://www.nasa.gov/missions/artemis/artemis-i-map/,"NASA’s Artemis II Moon Mission Daily Agenda
article
3 weeks ago
3 min read
Track NASA’s Artemis II Mission in Real Time
article
4 weeks ago
Back
Missions
Search All NASA Missions
A to Z List of Missions
Upcoming Launches and Landings
Spaceships and Rockets
Communicating with Missions
Artemis
James Webb Space Telescope
Hubble Space Telescope
International Space Station
OSIRIS-Rex
Humans in Space
Why Go to Space
Astronauts
Commercial Space
Destinations
Spaceships and Rockets
Living in Space
Earth
Explore Earth Science
Climate Change
Earth, Our Planet
Earth Science in Action
Earth Multimedia
Earth Data
Earth Science Researchers
The Solar System
The Sun
Mercury
Venus
Earth
The Moon
Mars
Jupiter
Saturn
Uranus
Neptune
Pluto & Dwarf Planets
Asteroids, Comets & Meteors
The Kuiper Belt
The Oort Cloud
Skywatching
The Universe
Exoplanets
The Search for Life in the Universe
Stars
Galaxies
Black Holes
The Big Bang
Dark Energy
Dark Matter
Science
Earth Science
Planetary Science
Astrophysics & Space Science
The Sun & Heliophysics
Biological & Physical Sciences
Lunar Science
Citizen Science
Astromaterials
Aeronautics Research
Human Space Travel Research
Aeronautics
Science in the Air
NASA Aircraft
Flight Research Innovation
Supersonic Flight
Air Traffic Solutions
Green Aviation Tech
Drones & You
Technology
Technology Transfer & Spinoffs
Space Travel Technology
Technology Living in Space
Manufacturing and Materials
Robotics
Science Instruments
Computing
Learning Resources
For Kids and Students
For Educators
For Colleges and Universities
For Professionals
Science for Everyone
Requests for Exhibits, Artifacts, Speakers & Flyovers
STEM Engagement at NASA
About NASA
NASA's Impacts
Centers and Facilities
Directorates"
Daily,DATE,https://www.nasa.gov/missions/artemis/artemis-i-map/,"NASA’s Artemis II Moon Mission Daily Agenda
article
3 weeks ago
3 min read
Track NASA’s Artemis II Mission in Real Time
article
4 weeks ago
Back
Missions
Search All NASA Missions
A to Z List of Missions
Upcoming Launches and Landings
Spaceships and Rockets
Communicating with Missions
Artemis
James Webb Space Telescope
Hubble Space Telescope
International Space Station
OSIRIS-Rex
Humans in Space
Why Go to Space
Astronauts
Commercial Space
Destinations
Spaceships and Rockets
Living in Space
Earth
Explore Earth Science
Climate Change
Earth, Our Planet
Earth Science in Action
Earth Multimedia
Earth Data
Earth Science Researchers
The Solar System
The Sun
Mercury
Venus
Earth
The Moon
Mars
Jupiter
Saturn
Uranus
Neptune
Pluto & Dwarf Planets
Asteroids, Comets & Meteors
The Kuiper Belt
The Oort Cloud
Skywatching
The Universe
Exoplanets
The Search for Life in the Universe
Stars
Galaxies
Black Holes
The Big Bang
Dark Energy
Dark Matter
Science
Earth Science
Planetary Science
Astrophysics & Space Science
The Sun & Heliophysics
Biological & Physical Sciences
Lunar Science
Citizen Science
Astromaterials
Aeronautics Research
Human Space Travel Research
Aeronautics
Science in the Air
NASA Aircraft
Flight Research Innovation
Supersonic Flight
Air Traffic Solutions
Green Aviation Tech
Drones & You
Technology
Technology Transfer & Spinoffs
Space Travel Technology
Technology Living in Space
Manufacturing and Materials
Robotics
Science Instruments
Computing
Learning Resources
For Kids and Students
For Educators
For Colleges and Universities
For Professionals
Science for Everyone
Requests for Exhibits, Artifacts, Speakers & Flyovers
STEM Engagement at NASA
About NASA
NASA's Impacts
Centers and Facilities
Directorates"
James Webb,PERSON,https://www.nasa.gov/missions/artemis/artemis-i-map/,"NASA’s Artemis II Moon Mission Daily Agenda
article
3 weeks ago
3 min read
Track NASA’s Artemis II Mission in Real Time
article
4 weeks ago
Back
Missions
Search All NASA Missions
A to Z List of Missions
Upcoming Launches and Landings
Spaceships and Rockets
Communicating with Missions
Artemis
James Webb Space Telescope
Hubble Space Telescope
International Space Station
OSIRIS-Rex
Humans in Space
Why Go to Space
Astronauts
Commercial Space
Destinations
Spaceships and Rockets
Living in Space
Earth
Explore Earth Science
Climate Change
Earth, Our Planet
Earth Science in Action
Earth Multimedia
Earth Data
Earth Science Researchers
The Solar System
The Sun
Mercury
Venus
Earth
The Moon
Mars
Jupiter
Saturn
Uranus
Neptune
Pluto & Dwarf Planets
Asteroids, Comets & Meteors
The Kuiper Belt
The Oort Cloud
Skywatching
The Universe
Exoplanets
The Search for Life in the Universe
Stars
Galaxies
Black Holes
The Big Bang
Dark Energy
Dark Matter
Science
Earth Science
Planetary Science
Astrophysics & Space Science
The Sun & Heliophysics
Biological & Physical Sciences
Lunar Science
Citizen Science
Astromaterials
Aeronautics Research
Human Space Travel Research
Aeronautics
Science in the Air
NASA Aircraft
Flight Research Innovation
Supersonic Flight
Air Traffic Solutions
Green Aviation Tech
Drones & You
Technology
Technology Transfer & Spinoffs
Space Travel Technology
Technology Living in Space
Manufacturing and Materials
Robotics
Science Instruments
Computing
Learning Resources
For Kids and Students
For Educators
For Colleges and Universities
For Professionals
Science for Everyone
Requests for Exhibits, Artifacts, Speakers & Flyovers
STEM Engagement at NASA
About NASA
NASA's Impacts
Centers and Facilities
Directorates"
Air,ORG,https://www.nasa.gov/missions/artemis/artemis-i-map/,"NASA’s Artemis II Moon Mission Daily Agenda
article
3 weeks ago
3 min read
Track NASA’s Artemis II Mission in Real Time
article
4 weeks ago
Back
Missions
Search All NASA Missions
A to Z List of Missions
Upcoming Launches and Landings
Spaceships and Rockets
Communicating with Missions
Artemis
James Webb Space Telescope
Hubble Space Telescope
International Space Station
OSIRIS-Rex
Humans in Space
Why Go to Space
Astronauts
Commercial Space
Destinations
Spaceships and Rockets
Living in Space
Earth
Explore Earth Science
Climate Change
Earth, Our Planet
Earth Science in Action
Earth Multimedia
Earth Data
Earth Science Researchers
The Solar System
The Sun
Mercury
Venus
Earth
The Moon
Mars
Jupiter
Saturn
Uranus
Neptune
Pluto & Dwarf Planets
Asteroids, Comets & Meteors
The Kuiper Belt
The Oort Cloud
Skywatching
The Universe
Exoplanets
The Search for Life in the Universe
Stars
Galaxies
Black Holes
The Big Bang
Dark Energy
Dark Matter
Science
Earth Science
Planetary Science
Astrophysics & Space Science
The Sun & Heliophysics
Biological & Physical Sciences
Lunar Science
Citizen Science
Astromaterials
Aeronautics Research
Human Space Travel Research
Aeronautics
Science in the Air
NASA Aircraft
Flight Research Innovation
Supersonic Flight
Air Traffic Solutions
Green Aviation Tech
Drones & You
Technology
Technology Transfer & Spinoffs
Space Travel Technology
Technology Living in Space
Manufacturing and Materials
Robotics
Science Instruments
Computing
Learning Resources
For Kids and Students
For Educators
For Colleges and Universities
For Professionals
Science for Everyone
Requests for Exhibits, Artifacts, Speakers & Flyovers
STEM Engagement at NASA
About NASA
NASA's Impacts
Centers and Facilities
Directorates"
NASA,ORG,https://www.nasa.gov/missions/artemis/artemis-i-map/,"People of NASA
Careers
Internships
Our History
Doing Business with NASA
Get Involved
Contact
NASA en Español
Ciencia
Aeronáutica
Ciencias Terrestres
Sistema Solar
Universo
News & Events
News Releases
Recently Published
Video Series on NASA+
Podcasts & Audio
Blogs
Newsletters
Social Media
Media Resources
Events
Upcoming Launches & Landings
Virtual Guest Program
Multimedia
NASA+
Images
NASA Live
NASA Apps
Podcasts
Image of the Day
e-Books
Interactives
STEM Multimedia
NASA Brand & Usage Guidelines
Featured
7 min read
NASA Releases Artemis II Moon Mission Launch Countdown"
NASA+,ORG,https://www.nasa.gov/missions/artemis/artemis-i-map/,"People of NASA
Careers
Internships
Our History
Doing Business with NASA
Get Involved
Contact
NASA en Español
Ciencia
Aeronáutica
Ciencias Terrestres
Sistema Solar
Universo
News & Events
News Releases
Recently Published
Video Series on NASA+
Podcasts & Audio
Blogs
Newsletters
Social Media
Media Resources
Events
Upcoming Launches & Landings
Virtual Guest Program
Multimedia
NASA+
Images
NASA Live
NASA Apps
Podcasts
Image of the Day
e-Books
Interactives
STEM Multimedia
NASA Brand & Usage Guidelines
Featured
7 min read
NASA Releases Artemis II Moon Mission Launch Countdown"
NASA,ORG,https://www.nasa.gov/missions/artemis/artemis-i-map/,"article
1 week ago
4 min read
Preparing for Artemis II: Training for a Mission Around the Moon
article
2 months ago
7 min read
To Protect Artemis II Astronauts, NASA Experts Keep Eyes on Sun"
NASA,ORG,https://www.nasa.gov/missions/artemis/artemis-i-map/,"Highlights
10 min read
NASA Answers Your Most Pressing Artemis II Questions
article
19 hours ago
1 min read
Artemis II Podcast Series
article
1 week ago
7 min read
NASA Releases Artemis II Moon Mission Launch Countdown
article"
March of the,DATE,https://www.nasa.gov/missions/artemis/artemis-i-map/,"Highlights
4 min read
Barents Sea Tied to Low Arctic Sea Ice
article
2 days ago
3 min read
Réunion Island Lava Reaches the Sea
article
3 days ago
3 min read
March of the Harmattan"
NASA,ORG,https://www.nasa.gov/missions/artemis/artemis-i-map/,"Highlights
5 min read
Meet NASA’s New Artemis II Science Officers"
Webb,PERSON,https://www.nasa.gov/missions/artemis/artemis-i-map/,"NASA Webb, Hubble Share Most Comprehensive View of Saturn to Date
article"
Hubble,PERSON,https://www.nasa.gov/missions/artemis/artemis-i-map/,"NASA Webb, Hubble Share Most Comprehensive View of Saturn to Date
article"
NASA,ORG,https://www.nasa.gov/missions/artemis/artemis-i-map/,"5 min read
NASA-JAXA’s XRISM Telescope Clocks Hot Wind of Galaxy M82
article"
NASA,ORG,https://www.nasa.gov/missions/artemis/artemis-i-map/,"4 min read
NASA’s Hubble Revisits Crab Nebula to Track 25 Years of Expansion
article"
Georgia Peterson,PERSON,https://www.nasa.gov/missions/artemis/artemis-i-map/,"4 min read
Barents Sea Tied to Low Arctic Sea Ice
article
2 days ago
2 min read
Georgia Peterson
article
4 days ago
Highlights
4 min read
NASA Selects Finalists in Student Aircraft Maintenance Competition
article
2 weeks ago
2 min read
NASA’s X-59 Experimental Supersonic Aircraft Makes Second Flight
article"
NASA,ORG,https://www.nasa.gov/missions/artemis/artemis-i-map/,"4 min read
Barents Sea Tied to Low Arctic Sea Ice
article
2 days ago
2 min read
Georgia Peterson
article
4 days ago
Highlights
4 min read
NASA Selects Finalists in Student Aircraft Maintenance Competition
article
2 weeks ago
2 min read
NASA’s X-59 Experimental Supersonic Aircraft Makes Second Flight
article"
NASA,ORG,https://www.nasa.gov/missions/artemis/artemis-i-map/,"2 weeks ago
2 min read
NASA Simulations Improve Artemis II Launch Environment
article
2 weeks ago
Highlights
3 min read
Fires Tear Through Nebraska Grasslands
article"
Nebraska,GPE,https://www.nasa.gov/missions/artemis/artemis-i-map/,"2 weeks ago
2 min read
NASA Simulations Improve Artemis II Launch Environment
article
2 weeks ago
Highlights
3 min read
Fires Tear Through Nebraska Grasslands
article"
Erik Richards,PERSON,https://www.nasa.gov/missions/artemis/artemis-i-map/,"3 min read
I Am Artemis: Erik Richards
article
1 week ago
6 min read
NASA Tech and Science Bound for Low Earth Orbit on Commercial Launch
article"
NASA,ORG,https://www.nasa.gov/missions/artemis/artemis-i-map/,"3 min read
I Am Artemis: Erik Richards
article
1 week ago
6 min read
NASA Tech and Science Bound for Low Earth Orbit on Commercial Launch
article"
"Featured
1 min read
Join",PERSON,https://www.nasa.gov/missions/artemis/artemis-i-map/,"Featured
1 min read
Join the Artemis Mission to the Moon
article
5 months ago
Featured
11 min read
NASA’s Artemis II Moon Mission Daily Agenda
article
3 weeks ago
4 min read
Preparing for Artemis II: Training for a Mission Around the Moon
article
2 months ago
3 min read
Track NASA’s Artemis II Mission in Real Time
article
4 weeks ago
Highlights
11 min read
La NASA anuncia la cobertura de la misión lunar Artemis II
article
2 weeks ago
15 min read
Agenda diaria de la misión a la Luna de Artemis II de la NASA
article
3 weeks ago
6 min read
La NASA refuerza Artemis: añade una misión y perfecciona su arquitectura general
article
1 month ago
404
The cosmic object you were looking for has disappeared beyond the event horizon.
Return Home
Sitemap
Contact NASA"
NASA,ORG,https://www.nasa.gov/missions/artemis/artemis-i-map/,"Featured
1 min read
Join the Artemis Mission to the Moon
article
5 months ago
Featured
11 min read
NASA’s Artemis II Moon Mission Daily Agenda
article
3 weeks ago
4 min read
Preparing for Artemis II: Training for a Mission Around the Moon
article
2 months ago
3 min read
Track NASA’s Artemis II Mission in Real Time
article
4 weeks ago
Highlights
11 min read
La NASA anuncia la cobertura de la misión lunar Artemis II
article
2 weeks ago
15 min read
Agenda diaria de la misión a la Luna de Artemis II de la NASA
article
3 weeks ago
6 min read
La NASA refuerza Artemis: añade una misión y perfecciona su arquitectura general
article
1 month ago
404
The cosmic object you were looking for has disappeared beyond the event horizon.
Return Home
Sitemap
Contact NASA"
NASA+,ORG,https://history.nasa.gov/SP-4212/ch10.htm,"News & Events
News & Events
News Releases
Recently Published
Video Series on NASA+
Podcasts & Audio
Blogs
Newsletters
Social Media
Media Resources
Events
Upcoming Launches & Landings
Virtual Guest Program
Multimedia
Multimedia
NASA+
Images
NASA Live
NASA Apps
Podcasts
Image of the Day
e-Books
Interactives
STEM Multimedia
NASA Brand & Usage Guidelines
NASA+
Search
Suggested Searches
Climate Change
Artemis
Expedition 64
Mars perseverance
SpaceX Crew-2
International Space Station
View All Topics A-Z
Home
Missions
Humans in Space
Earth
The Solar System
The Universe
Science
Aeronautics
Technology
Learning Resources"
NASA,ORG,https://history.nasa.gov/SP-4212/ch10.htm,"News & Events
News & Events
News Releases
Recently Published
Video Series on NASA+
Podcasts & Audio
Blogs
Newsletters
Social Media
Media Resources
Events
Upcoming Launches & Landings
Virtual Guest Program
Multimedia
Multimedia
NASA+
Images
NASA Live
NASA Apps
Podcasts
Image of the Day
e-Books
Interactives
STEM Multimedia
NASA Brand & Usage Guidelines
NASA+
Search
Suggested Searches
Climate Change
Artemis
Expedition 64
Mars perseverance
SpaceX Crew-2
International Space Station
View All Topics A-Z
Home
Missions
Humans in Space
Earth
The Solar System
The Universe
Science
Aeronautics
Technology
Learning Resources"
Artemis,ORG,https://history.nasa.gov/SP-4212/ch10.htm,"News & Events
News & Events
News Releases
Recently Published
Video Series on NASA+
Podcasts & Audio
Blogs
Newsletters
Social Media
Media Resources
Events
Upcoming Launches & Landings
Virtual Guest Program
Multimedia
Multimedia
NASA+
Images
NASA Live
NASA Apps
Podcasts
Image of the Day
e-Books
Interactives
STEM Multimedia
NASA Brand & Usage Guidelines
NASA+
Search
Suggested Searches
Climate Change
Artemis
Expedition 64
Mars perseverance
SpaceX Crew-2
International Space Station
View All Topics A-Z
Home
Missions
Humans in Space
Earth
The Solar System
The Universe
Science
Aeronautics
Technology
Learning Resources"
Mars,ORG,https://history.nasa.gov/SP-4212/ch10.htm,"News & Events
News & Events
News Releases
Recently Published
Video Series on NASA+
Podcasts & Audio
Blogs
Newsletters
Social Media
Media Resources
Events
Upcoming Launches & Landings
Virtual Guest Program
Multimedia
Multimedia
NASA+
Images
NASA Live
NASA Apps
Podcasts
Image of the Day
e-Books
Interactives
STEM Multimedia
NASA Brand & Usage Guidelines
NASA+
Search
Suggested Searches
Climate Change
Artemis
Expedition 64
Mars perseverance
SpaceX Crew-2
International Space Station
View All Topics A-Z
Home
Missions
Humans in Space
Earth
The Solar System
The Universe
Science
Aeronautics
Technology
Learning Resources"
International Space Station,ORG,https://history.nasa.gov/SP-4212/ch10.htm,"News & Events
News & Events
News Releases
Recently Published
Video Series on NASA+
Podcasts & Audio
Blogs
Newsletters
Social Media
Media Resources
Events
Upcoming Launches & Landings
Virtual Guest Program
Multimedia
Multimedia
NASA+
Images
NASA Live
NASA Apps
Podcasts
Image of the Day
e-Books
Interactives
STEM Multimedia
NASA Brand & Usage Guidelines
NASA+
Search
Suggested Searches
Climate Change
Artemis
Expedition 64
Mars perseverance
SpaceX Crew-2
International Space Station
View All Topics A-Z
Home
Missions
Humans in Space
Earth
The Solar System
The Universe
Science
Aeronautics
Technology
Learning Resources"
NASA,ORG,https://history.nasa.gov/SP-4212/ch10.htm,"About NASA
Español
News & Events
Multimedia
NASA+
Featured
7 min read
NASA Releases Artemis II Moon Mission Launch Countdown
article"
NASA,ORG,https://history.nasa.gov/SP-4212/ch10.htm,"NASA’s Artemis II Moon Mission Daily Agenda
article
3 weeks ago
3 min read
Track NASA’s Artemis II Mission in Real Time
article
4 weeks ago
Back
Missions
Search All NASA Missions
A to Z List of Missions
Upcoming Launches and Landings
Spaceships and Rockets
Communicating with Missions
Artemis
James Webb Space Telescope
Hubble Space Telescope
International Space Station
OSIRIS-Rex
Humans in Space
Why Go to Space
Astronauts
Commercial Space
Destinations
Spaceships and Rockets
Living in Space
Earth
Explore Earth Science
Climate Change
Earth, Our Planet
Earth Science in Action
Earth Multimedia
Earth Data
Earth Science Researchers
The Solar System
The Sun
Mercury
Venus
Earth
The Moon
Mars
Jupiter
Saturn
Uranus
Neptune
Pluto & Dwarf Planets
Asteroids, Comets & Meteors
The Kuiper Belt
The Oort Cloud
Skywatching
The Universe
Exoplanets
The Search for Life in the Universe
Stars
Galaxies
Black Holes
The Big Bang
Dark Energy
Dark Matter
Science
Earth Science
Planetary Science
Astrophysics & Space Science
The Sun & Heliophysics
Biological & Physical Sciences
Lunar Science
Citizen Science
Astromaterials
Aeronautics Research
Human Space Travel Research
Aeronautics
Science in the Air
NASA Aircraft
Flight Research Innovation
Supersonic Flight
Air Traffic Solutions
Green Aviation Tech
Drones & You
Technology
Technology Transfer & Spinoffs
Space Travel Technology
Technology Living in Space
Manufacturing and Materials
Robotics
Science Instruments
Computing
Learning Resources
For Kids and Students
For Educators
For Colleges and Universities
For Professionals
Science for Everyone
Requests for Exhibits, Artifacts, Speakers & Flyovers
STEM Engagement at NASA
About NASA
NASA's Impacts
Centers and Facilities
Directorates"
Daily,DATE,https://history.nasa.gov/SP-4212/ch10.htm,"NASA’s Artemis II Moon Mission Daily Agenda
article
3 weeks ago
3 min read
Track NASA’s Artemis II Mission in Real Time
article
4 weeks ago
Back
Missions
Search All NASA Missions
A to Z List of Missions
Upcoming Launches and Landings
Spaceships and Rockets
Communicating with Missions
Artemis
James Webb Space Telescope
Hubble Space Telescope
International Space Station
OSIRIS-Rex
Humans in Space
Why Go to Space
Astronauts
Commercial Space
Destinations
Spaceships and Rockets
Living in Space
Earth
Explore Earth Science
Climate Change
Earth, Our Planet
Earth Science in Action
Earth Multimedia
Earth Data
Earth Science Researchers
The Solar System
The Sun
Mercury
Venus
Earth
The Moon
Mars
Jupiter
Saturn
Uranus
Neptune
Pluto & Dwarf Planets
Asteroids, Comets & Meteors
The Kuiper Belt
The Oort Cloud
Skywatching
The Universe
Exoplanets
The Search for Life in the Universe
Stars
Galaxies
Black Holes
The Big Bang
Dark Energy
Dark Matter
Science
Earth Science
Planetary Science
Astrophysics & Space Science
The Sun & Heliophysics
Biological & Physical Sciences
Lunar Science
Citizen Science
Astromaterials
Aeronautics Research
Human Space Travel Research
Aeronautics
Science in the Air
NASA Aircraft
Flight Research Innovation
Supersonic Flight
Air Traffic Solutions
Green Aviation Tech
Drones & You
Technology
Technology Transfer & Spinoffs
Space Travel Technology
Technology Living in Space
Manufacturing and Materials
Robotics
Science Instruments
Computing
Learning Resources
For Kids and Students
For Educators
For Colleges and Universities
For Professionals
Science for Everyone
Requests for Exhibits, Artifacts, Speakers & Flyovers
STEM Engagement at NASA
About NASA
NASA's Impacts
Centers and Facilities
Directorates"
James Webb,PERSON,https://history.nasa.gov/SP-4212/ch10.htm,"NASA’s Artemis II Moon Mission Daily Agenda
article
3 weeks ago
3 min read
Track NASA’s Artemis II Mission in Real Time
article
4 weeks ago
Back
Missions
Search All NASA Missions
A to Z List of Missions
Upcoming Launches and Landings
Spaceships and Rockets
Communicating with Missions
Artemis
James Webb Space Telescope
Hubble Space Telescope
International Space Station
OSIRIS-Rex
Humans in Space
Why Go to Space
Astronauts
Commercial Space
Destinations
Spaceships and Rockets
Living in Space
Earth
Explore Earth Science
Climate Change
Earth, Our Planet
Earth Science in Action
Earth Multimedia
Earth Data
Earth Science Researchers
The Solar System
The Sun
Mercury
Venus
Earth
The Moon
Mars
Jupiter
Saturn
Uranus
Neptune
Pluto & Dwarf Planets
Asteroids, Comets & Meteors
The Kuiper Belt
The Oort Cloud
Skywatching
The Universe
Exoplanets
The Search for Life in the Universe
Stars
Galaxies
Black Holes
The Big Bang
Dark Energy
Dark Matter
Science
Earth Science
Planetary Science
Astrophysics & Space Science
The Sun & Heliophysics
Biological & Physical Sciences
Lunar Science
Citizen Science
Astromaterials
Aeronautics Research
Human Space Travel Research
Aeronautics
Science in the Air
NASA Aircraft
Flight Research Innovation
Supersonic Flight
Air Traffic Solutions
Green Aviation Tech
Drones & You
Technology
Technology Transfer & Spinoffs
Space Travel Technology
Technology Living in Space
Manufacturing and Materials
Robotics
Science Instruments
Computing
Learning Resources
For Kids and Students
For Educators
For Colleges and Universities
For Professionals
Science for Everyone
Requests for Exhibits, Artifacts, Speakers & Flyovers
STEM Engagement at NASA
About NASA
NASA's Impacts
Centers and Facilities
Directorates"
Air,ORG,https://history.nasa.gov/SP-4212/ch10.htm,"NASA’s Artemis II Moon Mission Daily Agenda
article
3 weeks ago
3 min read
Track NASA’s Artemis II Mission in Real Time
article
4 weeks ago
Back
Missions
Search All NASA Missions
A to Z List of Missions
Upcoming Launches and Landings
Spaceships and Rockets
Communicating with Missions
Artemis
James Webb Space Telescope
Hubble Space Telescope
International Space Station
OSIRIS-Rex
Humans in Space
Why Go to Space
Astronauts
Commercial Space
Destinations
Spaceships and Rockets
Living in Space
Earth
Explore Earth Science
Climate Change
Earth, Our Planet
Earth Science in Action
Earth Multimedia
Earth Data
Earth Science Researchers
The Solar System
The Sun
Mercury
Venus
Earth
The Moon
Mars
Jupiter
Saturn
Uranus
Neptune
Pluto & Dwarf Planets
Asteroids, Comets & Meteors
The Kuiper Belt
The Oort Cloud
Skywatching
The Universe
Exoplanets
The Search for Life in the Universe
Stars
Galaxies
Black Holes
The Big Bang
Dark Energy
Dark Matter
Science
Earth Science
Planetary Science
Astrophysics & Space Science
The Sun & Heliophysics
Biological & Physical Sciences
Lunar Science
Citizen Science
Astromaterials
Aeronautics Research
Human Space Travel Research
Aeronautics
Science in the Air
NASA Aircraft
Flight Research Innovation
Supersonic Flight
Air Traffic Solutions
Green Aviation Tech
Drones & You
Technology
Technology Transfer & Spinoffs
Space Travel Technology
Technology Living in Space
Manufacturing and Materials
Robotics
Science Instruments
Computing
Learning Resources
For Kids and Students
For Educators
For Colleges and Universities
For Professionals
Science for Everyone
Requests for Exhibits, Artifacts, Speakers & Flyovers
STEM Engagement at NASA
About NASA
NASA's Impacts
Centers and Facilities
Directorates"
NASA,ORG,https://history.nasa.gov/SP-4212/ch10.htm,"People of NASA
Careers
Internships
Our History
Doing Business with NASA
Get Involved
Contact
NASA en Español
Ciencia
Aeronáutica
Ciencias Terrestres
Sistema Solar
Universo
News & Events
News Releases
Recently Published
Video Series on NASA+
Podcasts & Audio
Blogs
Newsletters
Social Media
Media Resources
Events
Upcoming Launches & Landings
Virtual Guest Program
Multimedia
NASA+
Images
NASA Live
NASA Apps
Podcasts
Image of the Day
e-Books
Interactives
STEM Multimedia
NASA Brand & Usage Guidelines
Featured
7 min read
NASA Releases Artemis II Moon Mission Launch Countdown"
NASA+,ORG,https://history.nasa.gov/SP-4212/ch10.htm,"People of NASA
Careers
Internships
Our History
Doing Business with NASA
Get Involved
Contact
NASA en Español
Ciencia
Aeronáutica
Ciencias Terrestres
Sistema Solar
Universo
News & Events
News Releases
Recently Published
Video Series on NASA+
Podcasts & Audio
Blogs
Newsletters
Social Media
Media Resources
Events
Upcoming Launches & Landings
Virtual Guest Program
Multimedia
NASA+
Images
NASA Live
NASA Apps
Podcasts
Image of the Day
e-Books
Interactives
STEM Multimedia
NASA Brand & Usage Guidelines
Featured
7 min read
NASA Releases Artemis II Moon Mission Launch Countdown"
NASA,ORG,https://history.nasa.gov/SP-4212/ch10.htm,"article
1 week ago
4 min read
Preparing for Artemis II: Training for a Mission Around the Moon
article
2 months ago
7 min read
To Protect Artemis II Astronauts, NASA Experts Keep Eyes on Sun"
NASA,ORG,https://history.nasa.gov/SP-4212/ch10.htm,"Highlights
10 min read
NASA Answers Your Most Pressing Artemis II Questions
article
19 hours ago
1 min read
Artemis II Podcast Series
article
1 week ago
7 min read
NASA Releases Artemis II Moon Mission Launch Countdown
article"
March of the,DATE,https://history.nasa.gov/SP-4212/ch10.htm,"Highlights
4 min read
Barents Sea Tied to Low Arctic Sea Ice
article
2 days ago
3 min read
Réunion Island Lava Reaches the Sea
article
3 days ago
3 min read
March of the Harmattan"
NASA,ORG,https://history.nasa.gov/SP-4212/ch10.htm,"Highlights
5 min read
Meet NASA’s New Artemis II Science Officers"
Webb,PERSON,https://history.nasa.gov/SP-4212/ch10.htm,"NASA Webb, Hubble Share Most Comprehensive View of Saturn to Date
article"
Hubble,PERSON,https://history.nasa.gov/SP-4212/ch10.htm,"NASA Webb, Hubble Share Most Comprehensive View of Saturn to Date
article"
NASA,ORG,https://history.nasa.gov/SP-4212/ch10.htm,"5 min read
NASA-JAXA’s XRISM Telescope Clocks Hot Wind of Galaxy M82
article"
NASA,ORG,https://history.nasa.gov/SP-4212/ch10.htm,"4 min read
NASA’s Hubble Revisits Crab Nebula to Track 25 Years of Expansion
article"
Georgia Peterson,PERSON,https://history.nasa.gov/SP-4212/ch10.htm,"4 min read
Barents Sea Tied to Low Arctic Sea Ice
article
2 days ago
2 min read
Georgia Peterson
article
4 days ago
Highlights
4 min read
NASA Selects Finalists in Student Aircraft Maintenance Competition
article
2 weeks ago
2 min read
NASA’s X-59 Experimental Supersonic Aircraft Makes Second Flight
article"
NASA,ORG,https://history.nasa.gov/SP-4212/ch10.htm,"4 min read
Barents Sea Tied to Low Arctic Sea Ice
article
2 days ago
2 min read
Georgia Peterson
article
4 days ago
Highlights
4 min read
NASA Selects Finalists in Student Aircraft Maintenance Competition
article
2 weeks ago
2 min read
NASA’s X-59 Experimental Supersonic Aircraft Makes Second Flight
article"
NASA,ORG,https://history.nasa.gov/SP-4212/ch10.htm,"2 weeks ago
2 min read
NASA Simulations Improve Artemis II Launch Environment
article
2 weeks ago
Highlights
3 min read
Fires Tear Through Nebraska Grasslands
article"
Nebraska,GPE,https://history.nasa.gov/SP-4212/ch10.htm,"2 weeks ago
2 min read
NASA Simulations Improve Artemis II Launch Environment
article
2 weeks ago
Highlights
3 min read
Fires Tear Through Nebraska Grasslands
article"
Erik Richards,PERSON,https://history.nasa.gov/SP-4212/ch10.htm,"3 min read
I Am Artemis: Erik Richards
article
1 week ago
6 min read
NASA Tech and Science Bound for Low Earth Orbit on Commercial Launch
article"
NASA,ORG,https://history.nasa.gov/SP-4212/ch10.htm,"3 min read
I Am Artemis: Erik Richards
article
1 week ago
6 min read
NASA Tech and Science Bound for Low Earth Orbit on Commercial Launch
article"
"Featured
1 min read
Join",PERSON,https://history.nasa.gov/SP-4212/ch10.htm,"Featured
1 min read
Join the Artemis Mission to the Moon
article
5 months ago
Featured
11 min read
NASA’s Artemis II Moon Mission Daily Agenda
article
3 weeks ago
4 min read
Preparing for Artemis II: Training for a Mission Around the Moon
article
2 months ago
3 min read
Track NASA’s Artemis II Mission in Real Time
article
4 weeks ago
Highlights
11 min read
La NASA anuncia la cobertura de la misión lunar Artemis II
article
2 weeks ago
15 min read
Agenda diaria de la misión a la Luna de Artemis II de la NASA
article
3 weeks ago
6 min read
La NASA refuerza Artemis: añade una misión y perfecciona su arquitectura general
article
1 month ago
404
The cosmic object you were looking for has disappeared beyond the event horizon.
Return Home
Sitemap
Contact NASA"
NASA,ORG,https://history.nasa.gov/SP-4212/ch10.htm,"Featured
1 min read
Join the Artemis Mission to the Moon
article
5 months ago
Featured
11 min read
NASA’s Artemis II Moon Mission Daily Agenda
article
3 weeks ago
4 min read
Preparing for Artemis II: Training for a Mission Around the Moon
article
2 months ago
3 min read
Track NASA’s Artemis II Mission in Real Time
article
4 weeks ago
Highlights
11 min read
La NASA anuncia la cobertura de la misión lunar Artemis II
article
2 weeks ago
15 min read
Agenda diaria de la misión a la Luna de Artemis II de la NASA
article
3 weeks ago
6 min read
La NASA refuerza Artemis: añade una misión y perfecciona su arquitectura general
article
1 month ago
404
The cosmic object you were looking for has disappeared beyond the event horizon.
Return Home
Sitemap
Contact NASA"
NASA+,ORG,https://history.nasa.gov/SP-4201/ch9.htm,"News & Events
News & Events
News Releases
Recently Published
Video Series on NASA+
Podcasts & Audio
Blogs
Newsletters
Social Media
Media Resources
Events
Upcoming Launches & Landings
Virtual Guest Program
Multimedia
Multimedia
NASA+
Images
NASA Live
NASA Apps
Podcasts
Image of the Day
e-Books
Interactives
STEM Multimedia
NASA Brand & Usage Guidelines
NASA+
Search
Suggested Searches
Climate Change
Artemis
Expedition 64
Mars perseverance
SpaceX Crew-2
International Space Station
View All Topics A-Z
Home
Missions
Humans in Space
Earth
The Solar System
The Universe
Science
Aeronautics
Technology
Learning Resources"
NASA,ORG,https://history.nasa.gov/SP-4201/ch9.htm,"News & Events
News & Events
News Releases
Recently Published
Video Series on NASA+
Podcasts & Audio
Blogs
Newsletters
Social Media
Media Resources
Events
Upcoming Launches & Landings
Virtual Guest Program
Multimedia
Multimedia
NASA+
Images
NASA Live
NASA Apps
Podcasts
Image of the Day
e-Books
Interactives
STEM Multimedia
NASA Brand & Usage Guidelines
NASA+
Search
Suggested Searches
Climate Change
Artemis
Expedition 64
Mars perseverance
SpaceX Crew-2
International Space Station
View All Topics A-Z
Home
Missions
Humans in Space
Earth
The Solar System
The Universe
Science
Aeronautics
Technology
Learning Resources"
Artemis,ORG,https://history.nasa.gov/SP-4201/ch9.htm,"News & Events
News & Events
News Releases
Recently Published
Video Series on NASA+
Podcasts & Audio
Blogs
Newsletters
Social Media
Media Resources
Events
Upcoming Launches & Landings
Virtual Guest Program
Multimedia
Multimedia
NASA+
Images
NASA Live
NASA Apps
Podcasts
Image of the Day
e-Books
Interactives
STEM Multimedia
NASA Brand & Usage Guidelines
NASA+
Search
Suggested Searches
Climate Change
Artemis
Expedition 64
Mars perseverance
SpaceX Crew-2
International Space Station
View All Topics A-Z
Home
Missions
Humans in Space
Earth
The Solar System
The Universe
Science
Aeronautics
Technology
Learning Resources"
Mars,ORG,https://history.nasa.gov/SP-4201/ch9.htm,"News & Events
News & Events
News Releases
Recently Published
Video Series on NASA+
Podcasts & Audio
Blogs
Newsletters
Social Media
Media Resources
Events
Upcoming Launches & Landings
Virtual Guest Program
Multimedia
Multimedia
NASA+
Images
NASA Live
NASA Apps
Podcasts
Image of the Day
e-Books
Interactives
STEM Multimedia
NASA Brand & Usage Guidelines
NASA+
Search
Suggested Searches
Climate Change
Artemis
Expedition 64
Mars perseverance
SpaceX Crew-2
International Space Station
View All Topics A-Z
Home
Missions
Humans in Space
Earth
The Solar System
The Universe
Science
Aeronautics
Technology
Learning Resources"
International Space Station,ORG,https://history.nasa.gov/SP-4201/ch9.htm,"News & Events
News & Events
News Releases
Recently Published
Video Series on NASA+
Podcasts & Audio
Blogs
Newsletters
Social Media
Media Resources
Events
Upcoming Launches & Landings
Virtual Guest Program
Multimedia
Multimedia
NASA+
Images
NASA Live
NASA Apps
Podcasts
Image of the Day
e-Books
Interactives
STEM Multimedia
NASA Brand & Usage Guidelines
NASA+
Search
Suggested Searches
Climate Change
Artemis
Expedition 64
Mars perseverance
SpaceX Crew-2
International Space Station
View All Topics A-Z
Home
Missions
Humans in Space
Earth
The Solar System
The Universe
Science
Aeronautics
Technology
Learning Resources"
NASA,ORG,https://history.nasa.gov/SP-4201/ch9.htm,"About NASA
Español
News & Events
Multimedia
NASA+
Featured
7 min read
NASA Releases Artemis II Moon Mission Launch Countdown
article"
NASA,ORG,https://history.nasa.gov/SP-4201/ch9.htm,"NASA’s Artemis II Moon Mission Daily Agenda
article
3 weeks ago
3 min read
Track NASA’s Artemis II Mission in Real Time
article
4 weeks ago
Back
Missions
Search All NASA Missions
A to Z List of Missions
Upcoming Launches and Landings
Spaceships and Rockets
Communicating with Missions
Artemis
James Webb Space Telescope
Hubble Space Telescope
International Space Station
OSIRIS-Rex
Humans in Space
Why Go to Space
Astronauts
Commercial Space
Destinations
Spaceships and Rockets
Living in Space
Earth
Explore Earth Science
Climate Change
Earth, Our Planet
Earth Science in Action
Earth Multimedia
Earth Data
Earth Science Researchers
The Solar System
The Sun
Mercury
Venus
Earth
The Moon
Mars
Jupiter
Saturn
Uranus
Neptune
Pluto & Dwarf Planets
Asteroids, Comets & Meteors
The Kuiper Belt
The Oort Cloud
Skywatching
The Universe
Exoplanets
The Search for Life in the Universe
Stars
Galaxies
Black Holes
The Big Bang
Dark Energy
Dark Matter
Science
Earth Science
Planetary Science
Astrophysics & Space Science
The Sun & Heliophysics
Biological & Physical Sciences
Lunar Science
Citizen Science
Astromaterials
Aeronautics Research
Human Space Travel Research
Aeronautics
Science in the Air
NASA Aircraft
Flight Research Innovation
Supersonic Flight
Air Traffic Solutions
Green Aviation Tech
Drones & You
Technology
Technology Transfer & Spinoffs
Space Travel Technology
Technology Living in Space
Manufacturing and Materials
Robotics
Science Instruments
Computing
Learning Resources
For Kids and Students
For Educators
For Colleges and Universities
For Professionals
Science for Everyone
Requests for Exhibits, Artifacts, Speakers & Flyovers
STEM Engagement at NASA
About NASA
NASA's Impacts
Centers and Facilities
Directorates"
Daily,DATE,https://history.nasa.gov/SP-4201/ch9.htm,"NASA’s Artemis II Moon Mission Daily Agenda
article
3 weeks ago
3 min read
Track NASA’s Artemis II Mission in Real Time
article
4 weeks ago
Back
Missions
Search All NASA Missions
A to Z List of Missions
Upcoming Launches and Landings
Spaceships and Rockets
Communicating with Missions
Artemis
James Webb Space Telescope
Hubble Space Telescope
International Space Station
OSIRIS-Rex
Humans in Space
Why Go to Space
Astronauts
Commercial Space
Destinations
Spaceships and Rockets
Living in Space
Earth
Explore Earth Science
Climate Change
Earth, Our Planet
Earth Science in Action
Earth Multimedia
Earth Data
Earth Science Researchers
The Solar System
The Sun
Mercury
Venus
Earth
The Moon
Mars
Jupiter
Saturn
Uranus
Neptune
Pluto & Dwarf Planets
Asteroids, Comets & Meteors
The Kuiper Belt
The Oort Cloud
Skywatching
The Universe
Exoplanets
The Search for Life in the Universe
Stars
Galaxies
Black Holes
The Big Bang
Dark Energy
Dark Matter
Science
Earth Science
Planetary Science
Astrophysics & Space Science
The Sun & Heliophysics
Biological & Physical Sciences
Lunar Science
Citizen Science
Astromaterials
Aeronautics Research
Human Space Travel Research
Aeronautics
Science in the Air
NASA Aircraft
Flight Research Innovation
Supersonic Flight
Air Traffic Solutions
Green Aviation Tech
Drones & You
Technology
Technology Transfer & Spinoffs
Space Travel Technology
Technology Living in Space
Manufacturing and Materials
Robotics
Science Instruments
Computing
Learning Resources
For Kids and Students
For Educators
For Colleges and Universities
For Professionals
Science for Everyone
Requests for Exhibits, Artifacts, Speakers & Flyovers
STEM Engagement at NASA
About NASA
NASA's Impacts
Centers and Facilities
Directorates"
James Webb,PERSON,https://history.nasa.gov/SP-4201/ch9.htm,"NASA’s Artemis II Moon Mission Daily Agenda
article
3 weeks ago
3 min read
Track NASA’s Artemis II Mission in Real Time
article
4 weeks ago
Back
Missions
Search All NASA Missions
A to Z List of Missions
Upcoming Launches and Landings
Spaceships and Rockets
Communicating with Missions
Artemis
James Webb Space Telescope
Hubble Space Telescope
International Space Station
OSIRIS-Rex
Humans in Space
Why Go to Space
Astronauts
Commercial Space
Destinations
Spaceships and Rockets
Living in Space
Earth
Explore Earth Science
Climate Change
Earth, Our Planet
Earth Science in Action
Earth Multimedia
Earth Data
Earth Science Researchers
The Solar System
The Sun
Mercury
Venus
Earth
The Moon
Mars
Jupiter
Saturn
Uranus
Neptune
Pluto & Dwarf Planets
Asteroids, Comets & Meteors
The Kuiper Belt
The Oort Cloud
Skywatching
The Universe
Exoplanets
The Search for Life in the Universe
Stars
Galaxies
Black Holes
The Big Bang
Dark Energy
Dark Matter
Science
Earth Science
Planetary Science
Astrophysics & Space Science
The Sun & Heliophysics
Biological & Physical Sciences
Lunar Science
Citizen Science
Astromaterials
Aeronautics Research
Human Space Travel Research
Aeronautics
Science in the Air
NASA Aircraft
Flight Research Innovation
Supersonic Flight
Air Traffic Solutions
Green Aviation Tech
Drones & You
Technology
Technology Transfer & Spinoffs
Space Travel Technology
Technology Living in Space
Manufacturing and Materials
Robotics
Science Instruments
Computing
Learning Resources
For Kids and Students
For Educators
For Colleges and Universities
For Professionals
Science for Everyone
Requests for Exhibits, Artifacts, Speakers & Flyovers
STEM Engagement at NASA
About NASA
NASA's Impacts
Centers and Facilities
Directorates"
Air,ORG,https://history.nasa.gov/SP-4201/ch9.htm,"NASA’s Artemis II Moon Mission Daily Agenda
article
3 weeks ago
3 min read
Track NASA’s Artemis II Mission in Real Time
article
4 weeks ago
Back
Missions
Search All NASA Missions
A to Z List of Missions
Upcoming Launches and Landings
Spaceships and Rockets
Communicating with Missions
Artemis
James Webb Space Telescope
Hubble Space Telescope
International Space Station
OSIRIS-Rex
Humans in Space
Why Go to Space
Astronauts
Commercial Space
Destinations
Spaceships and Rockets
Living in Space
Earth
Explore Earth Science
Climate Change
Earth, Our Planet
Earth Science in Action
Earth Multimedia
Earth Data
Earth Science Researchers
The Solar System
The Sun
Mercury
Venus
Earth
The Moon
Mars
Jupiter
Saturn
Uranus
Neptune
Pluto & Dwarf Planets
Asteroids, Comets & Meteors
The Kuiper Belt
The Oort Cloud
Skywatching
The Universe
Exoplanets
The Search for Life in the Universe
Stars
Galaxies
Black Holes
The Big Bang
Dark Energy
Dark Matter
Science
Earth Science
Planetary Science
Astrophysics & Space Science
The Sun & Heliophysics
Biological & Physical Sciences
Lunar Science
Citizen Science
Astromaterials
Aeronautics Research
Human Space Travel Research
Aeronautics
Science in the Air
NASA Aircraft
Flight Research Innovation
Supersonic Flight
Air Traffic Solutions
Green Aviation Tech
Drones & You
Technology
Technology Transfer & Spinoffs
Space Travel Technology
Technology Living in Space
Manufacturing and Materials
Robotics
Science Instruments
Computing
Learning Resources
For Kids and Students
For Educators
For Colleges and Universities
For Professionals
Science for Everyone
Requests for Exhibits, Artifacts, Speakers & Flyovers
STEM Engagement at NASA
About NASA
NASA's Impacts
Centers and Facilities
Directorates"
NASA,ORG,https://history.nasa.gov/SP-4201/ch9.htm,"People of NASA
Careers
Internships
Our History
Doing Business with NASA
Get Involved
Contact
NASA en Español
Ciencia
Aeronáutica
Ciencias Terrestres
Sistema Solar
Universo
News & Events
News Releases
Recently Published
Video Series on NASA+
Podcasts & Audio
Blogs
Newsletters
Social Media
Media Resources
Events
Upcoming Launches & Landings
Virtual Guest Program
Multimedia
NASA+
Images
NASA Live
NASA Apps
Podcasts
Image of the Day
e-Books
Interactives
STEM Multimedia
NASA Brand & Usage Guidelines
Featured
7 min read
NASA Releases Artemis II Moon Mission Launch Countdown"
NASA+,ORG,https://history.nasa.gov/SP-4201/ch9.htm,"People of NASA
Careers
Internships
Our History
Doing Business with NASA
Get Involved
Contact
NASA en Español
Ciencia
Aeronáutica
Ciencias Terrestres
Sistema Solar
Universo
News & Events
News Releases
Recently Published
Video Series on NASA+
Podcasts & Audio
Blogs
Newsletters
Social Media
Media Resources
Events
Upcoming Launches & Landings
Virtual Guest Program
Multimedia
NASA+
Images
NASA Live
NASA Apps
Podcasts
Image of the Day
e-Books
Interactives
STEM Multimedia
NASA Brand & Usage Guidelines
Featured
7 min read
NASA Releases Artemis II Moon Mission Launch Countdown"
NASA,ORG,https://history.nasa.gov/SP-4201/ch9.htm,"article
1 week ago
4 min read
Preparing for Artemis II: Training for a Mission Around the Moon
article
2 months ago
7 min read
To Protect Artemis II Astronauts, NASA Experts Keep Eyes on Sun"
NASA,ORG,https://history.nasa.gov/SP-4201/ch9.htm,"Highlights
10 min read
NASA Answers Your Most Pressing Artemis II Questions
article
19 hours ago
1 min read
Artemis II Podcast Series
article
1 week ago
7 min read
NASA Releases Artemis II Moon Mission Launch Countdown
article"
March of the,DATE,https://history.nasa.gov/SP-4201/ch9.htm,"Highlights
4 min read
Barents Sea Tied to Low Arctic Sea Ice
article
2 days ago
3 min read
Réunion Island Lava Reaches the Sea
article
3 days ago
3 min read
March of the Harmattan"
NASA,ORG,https://history.nasa.gov/SP-4201/ch9.htm,"Highlights
5 min read
Meet NASA’s New Artemis II Science Officers"
Webb,PERSON,https://history.nasa.gov/SP-4201/ch9.htm,"NASA Webb, Hubble Share Most Comprehensive View of Saturn to Date
article"
Hubble,PERSON,https://history.nasa.gov/SP-4201/ch9.htm,"NASA Webb, Hubble Share Most Comprehensive View of Saturn to Date
article"
NASA,ORG,https://history.nasa.gov/SP-4201/ch9.htm,"5 min read
NASA-JAXA’s XRISM Telescope Clocks Hot Wind of Galaxy M82
article"
NASA,ORG,https://history.nasa.gov/SP-4201/ch9.htm,"4 min read
NASA’s Hubble Revisits Crab Nebula to Track 25 Years of Expansion
article"
Georgia Peterson,PERSON,https://history.nasa.gov/SP-4201/ch9.htm,"4 min read
Barents Sea Tied to Low Arctic Sea Ice
article
2 days ago
2 min read
Georgia Peterson
article
4 days ago
Highlights
4 min read
NASA Selects Finalists in Student Aircraft Maintenance Competition
article
2 weeks ago
2 min read
NASA’s X-59 Experimental Supersonic Aircraft Makes Second Flight
article"
NASA,ORG,https://history.nasa.gov/SP-4201/ch9.htm,"4 min read
Barents Sea Tied to Low Arctic Sea Ice
article
2 days ago
2 min read
Georgia Peterson
article
4 days ago
Highlights
4 min read
NASA Selects Finalists in Student Aircraft Maintenance Competition
article
2 weeks ago
2 min read
NASA’s X-59 Experimental Supersonic Aircraft Makes Second Flight
article"
NASA,ORG,https://history.nasa.gov/SP-4201/ch9.htm,"2 weeks ago
2 min read
NASA Simulations Improve Artemis II Launch Environment
article
2 weeks ago
Highlights
3 min read
Fires Tear Through Nebraska Grasslands
article"
Nebraska,GPE,https://history.nasa.gov/SP-4201/ch9.htm,"2 weeks ago
2 min read
NASA Simulations Improve Artemis II Launch Environment
article
2 weeks ago
Highlights
3 min read
Fires Tear Through Nebraska Grasslands
article"
Erik Richards,PERSON,https://history.nasa.gov/SP-4201/ch9.htm,"3 min read
I Am Artemis: Erik Richards
article
1 week ago
6 min read
NASA Tech and Science Bound for Low Earth Orbit on Commercial Launch
article"
NASA,ORG,https://history.nasa.gov/SP-4201/ch9.htm,"3 min read
I Am Artemis: Erik Richards
article
1 week ago
6 min read
NASA Tech and Science Bound for Low Earth Orbit on Commercial Launch
article"
"Featured
1 min read
Join",PERSON,https://history.nasa.gov/SP-4201/ch9.htm,"Featured
1 min read
Join the Artemis Mission to the Moon
article
5 months ago
Featured
11 min read
NASA’s Artemis II Moon Mission Daily Agenda
article
3 weeks ago
4 min read
Preparing for Artemis II: Training for a Mission Around the Moon
article
2 months ago
3 min read
Track NASA’s Artemis II Mission in Real Time
article
4 weeks ago
Highlights
11 min read
La NASA anuncia la cobertura de la misión lunar Artemis II
article
2 weeks ago
15 min read
Agenda diaria de la misión a la Luna de Artemis II de la NASA
article
3 weeks ago
6 min read
La NASA refuerza Artemis: añade una misión y perfecciona su arquitectura general
article
1 month ago
404
The cosmic object you were looking for has disappeared beyond the event horizon.
Return Home
Sitemap
Contact NASA"
NASA,ORG,https://history.nasa.gov/SP-4201/ch9.htm,"Featured
1 min read
Join the Artemis Mission to the Moon
article
5 months ago
Featured
11 min read
NASA’s Artemis II Moon Mission Daily Agenda
article
3 weeks ago
4 min read
Preparing for Artemis II: Training for a Mission Around the Moon
article
2 months ago
3 min read
Track NASA’s Artemis II Mission in Real Time
article
4 weeks ago
Highlights
11 min read
La NASA anuncia la cobertura de la misión lunar Artemis II
article
2 weeks ago
15 min read
Agenda diaria de la misión a la Luna de Artemis II de la NASA
article
3 weeks ago
6 min read
La NASA refuerza Artemis: añade una misión y perfecciona su arquitectura general
article
1 month ago
404
The cosmic object you were looking for has disappeared beyond the event horizon.
Return Home
Sitemap
Contact NASA"
NASA+,ORG,https://history.nasa.gov/SP-4214/ch2.htm,"News & Events
News & Events
News Releases
Recently Published
Video Series on NASA+
Podcasts & Audio
Blogs
Newsletters
Social Media
Media Resources
Events
Upcoming Launches & Landings
Virtual Guest Program
Multimedia
Multimedia
NASA+
Images
NASA Live
NASA Apps
Podcasts
Image of the Day
e-Books
Interactives
STEM Multimedia
NASA Brand & Usage Guidelines
NASA+
Search
Suggested Searches
Climate Change
Artemis
Expedition 64
Mars perseverance
SpaceX Crew-2
International Space Station
View All Topics A-Z
Home
Missions
Humans in Space
Earth
The Solar System
The Universe
Science
Aeronautics
Technology
Learning Resources"
NASA,ORG,https://history.nasa.gov/SP-4214/ch2.htm,"News & Events
News & Events
News Releases
Recently Published
Video Series on NASA+
Podcasts & Audio
Blogs
Newsletters
Social Media
Media Resources
Events
Upcoming Launches & Landings
Virtual Guest Program
Multimedia
Multimedia
NASA+
Images
NASA Live
NASA Apps
Podcasts
Image of the Day
e-Books
Interactives
STEM Multimedia
NASA Brand & Usage Guidelines
NASA+
Search
Suggested Searches
Climate Change
Artemis
Expedition 64
Mars perseverance
SpaceX Crew-2
International Space Station
View All Topics A-Z
Home
Missions
Humans in Space
Earth
The Solar System
The Universe
Science
Aeronautics
Technology
Learning Resources"
Artemis,ORG,https://history.nasa.gov/SP-4214/ch2.htm,"News & Events
News & Events
News Releases
Recently Published
Video Series on NASA+
Podcasts & Audio
Blogs
Newsletters
Social Media
Media Resources
Events
Upcoming Launches & Landings
Virtual Guest Program
Multimedia
Multimedia
NASA+
Images
NASA Live
NASA Apps
Podcasts
Image of the Day
e-Books
Interactives
STEM Multimedia
NASA Brand & Usage Guidelines
NASA+
Search
Suggested Searches
Climate Change
Artemis
Expedition 64
Mars perseverance
SpaceX Crew-2
International Space Station
View All Topics A-Z
Home
Missions
Humans in Space
Earth
The Solar System
The Universe
Science
Aeronautics
Technology
Learning Resources"
Mars,ORG,https://history.nasa.gov/SP-4214/ch2.htm,"News & Events
News & Events
News Releases
Recently Published
Video Series on NASA+
Podcasts & Audio
Blogs
Newsletters
Social Media
Media Resources
Events
Upcoming Launches & Landings
Virtual Guest Program
Multimedia
Multimedia
NASA+
Images
NASA Live
NASA Apps
Podcasts
Image of the Day
e-Books
Interactives
STEM Multimedia
NASA Brand & Usage Guidelines
NASA+
Search
Suggested Searches
Climate Change
Artemis
Expedition 64
Mars perseverance
SpaceX Crew-2
International Space Station
View All Topics A-Z
Home
Missions
Humans in Space
Earth
The Solar System
The Universe
Science
Aeronautics
Technology
Learning Resources"
International Space Station,ORG,https://history.nasa.gov/SP-4214/ch2.htm,"News & Events
News & Events
News Releases
Recently Published
Video Series on NASA+
Podcasts & Audio
Blogs
Newsletters
Social Media
Media Resources
Events
Upcoming Launches & Landings
Virtual Guest Program
Multimedia
Multimedia
NASA+
Images
NASA Live
NASA Apps
Podcasts
Image of the Day
e-Books
Interactives
STEM Multimedia
NASA Brand & Usage Guidelines
NASA+
Search
Suggested Searches
Climate Change
Artemis
Expedition 64
Mars perseverance
SpaceX Crew-2
International Space Station
View All Topics A-Z
Home
Missions
Humans in Space
Earth
The Solar System
The Universe
Science
Aeronautics
Technology
Learning Resources"
NASA,ORG,https://history.nasa.gov/SP-4214/ch2.htm,"About NASA
Español
News & Events
Multimedia
NASA+
Featured
7 min read
NASA Releases Artemis II Moon Mission Launch Countdown
article"
NASA,ORG,https://history.nasa.gov/SP-4214/ch2.htm,"NASA’s Artemis II Moon Mission Daily Agenda
article
3 weeks ago
3 min read
Track NASA’s Artemis II Mission in Real Time
article
4 weeks ago
Back
Missions
Search All NASA Missions
A to Z List of Missions
Upcoming Launches and Landings
Spaceships and Rockets
Communicating with Missions
Artemis
James Webb Space Telescope
Hubble Space Telescope
International Space Station
OSIRIS-Rex
Humans in Space
Why Go to Space
Astronauts
Commercial Space
Destinations
Spaceships and Rockets
Living in Space
Earth
Explore Earth Science
Climate Change
Earth, Our Planet
Earth Science in Action
Earth Multimedia
Earth Data
Earth Science Researchers
The Solar System
The Sun
Mercury
Venus
Earth
The Moon
Mars
Jupiter
Saturn
Uranus
Neptune
Pluto & Dwarf Planets
Asteroids, Comets & Meteors
The Kuiper Belt
The Oort Cloud
Skywatching
The Universe
Exoplanets
The Search for Life in the Universe
Stars
Galaxies
Black Holes
The Big Bang
Dark Energy
Dark Matter
Science
Earth Science
Planetary Science
Astrophysics & Space Science
The Sun & Heliophysics
Biological & Physical Sciences
Lunar Science
Citizen Science
Astromaterials
Aeronautics Research
Human Space Travel Research
Aeronautics
Science in the Air
NASA Aircraft
Flight Research Innovation
Supersonic Flight
Air Traffic Solutions
Green Aviation Tech
Drones & You
Technology
Technology Transfer & Spinoffs
Space Travel Technology
Technology Living in Space
Manufacturing and Materials
Robotics
Science Instruments
Computing
Learning Resources
For Kids and Students
For Educators
For Colleges and Universities
For Professionals
Science for Everyone
Requests for Exhibits, Artifacts, Speakers & Flyovers
STEM Engagement at NASA
About NASA
NASA's Impacts
Centers and Facilities
Directorates"
Daily,DATE,https://history.nasa.gov/SP-4214/ch2.htm,"NASA’s Artemis II Moon Mission Daily Agenda
article
3 weeks ago
3 min read
Track NASA’s Artemis II Mission in Real Time
article
4 weeks ago
Back
Missions
Search All NASA Missions
A to Z List of Missions
Upcoming Launches and Landings
Spaceships and Rockets
Communicating with Missions
Artemis
James Webb Space Telescope
Hubble Space Telescope
International Space Station
OSIRIS-Rex
Humans in Space
Why Go to Space
Astronauts
Commercial Space
Destinations
Spaceships and Rockets
Living in Space
Earth
Explore Earth Science
Climate Change
Earth, Our Planet
Earth Science in Action
Earth Multimedia
Earth Data
Earth Science Researchers
The Solar System
The Sun
Mercury
Venus
Earth
The Moon
Mars
Jupiter
Saturn
Uranus
Neptune
Pluto & Dwarf Planets
Asteroids, Comets & Meteors
The Kuiper Belt
The Oort Cloud
Skywatching
The Universe
Exoplanets
The Search for Life in the Universe
Stars
Galaxies
Black Holes
The Big Bang
Dark Energy
Dark Matter
Science
Earth Science
Planetary Science
Astrophysics & Space Science
The Sun & Heliophysics
Biological & Physical Sciences
Lunar Science
Citizen Science
Astromaterials
Aeronautics Research
Human Space Travel Research
Aeronautics
Science in the Air
NASA Aircraft
Flight Research Innovation
Supersonic Flight
Air Traffic Solutions
Green Aviation Tech
Drones & You
Technology
Technology Transfer & Spinoffs
Space Travel Technology
Technology Living in Space
Manufacturing and Materials
Robotics
Science Instruments
Computing
Learning Resources
For Kids and Students
For Educators
For Colleges and Universities
For Professionals
Science for Everyone
Requests for Exhibits, Artifacts, Speakers & Flyovers
STEM Engagement at NASA
About NASA
NASA's Impacts
Centers and Facilities
Directorates"
James Webb,PERSON,https://history.nasa.gov/SP-4214/ch2.htm,"NASA’s Artemis II Moon Mission Daily Agenda
article
3 weeks ago
3 min read
Track NASA’s Artemis II Mission in Real Time
article
4 weeks ago
Back
Missions
Search All NASA Missions
A to Z List of Missions
Upcoming Launches and Landings
Spaceships and Rockets
Communicating with Missions
Artemis
James Webb Space Telescope
Hubble Space Telescope
International Space Station
OSIRIS-Rex
Humans in Space
Why Go to Space
Astronauts
Commercial Space
Destinations
Spaceships and Rockets
Living in Space
Earth
Explore Earth Science
Climate Change
Earth, Our Planet
Earth Science in Action
Earth Multimedia
Earth Data
Earth Science Researchers
The Solar System
The Sun
Mercury
Venus
Earth
The Moon
Mars
Jupiter
Saturn
Uranus
Neptune
Pluto & Dwarf Planets
Asteroids, Comets & Meteors
The Kuiper Belt
The Oort Cloud
Skywatching
The Universe
Exoplanets
The Search for Life in the Universe
Stars
Galaxies
Black Holes
The Big Bang
Dark Energy
Dark Matter
Science
Earth Science
Planetary Science
Astrophysics & Space Science
The Sun & Heliophysics
Biological & Physical Sciences
Lunar Science
Citizen Science
Astromaterials
Aeronautics Research
Human Space Travel Research
Aeronautics
Science in the Air
NASA Aircraft
Flight Research Innovation
Supersonic Flight
Air Traffic Solutions
Green Aviation Tech
Drones & You
Technology
Technology Transfer & Spinoffs
Space Travel Technology
Technology Living in Space
Manufacturing and Materials
Robotics
Science Instruments
Computing
Learning Resources
For Kids and Students
For Educators
For Colleges and Universities
For Professionals
Science for Everyone
Requests for Exhibits, Artifacts, Speakers & Flyovers
STEM Engagement at NASA
About NASA
NASA's Impacts
Centers and Facilities
Directorates"
Air,ORG,https://history.nasa.gov/SP-4214/ch2.htm,"NASA’s Artemis II Moon Mission Daily Agenda
article
3 weeks ago
3 min read
Track NASA’s Artemis II Mission in Real Time
article
4 weeks ago
Back
Missions
Search All NASA Missions
A to Z List of Missions
Upcoming Launches and Landings
Spaceships and Rockets
Communicating with Missions
Artemis
James Webb Space Telescope
Hubble Space Telescope
International Space Station
OSIRIS-Rex
Humans in Space
Why Go to Space
Astronauts
Commercial Space
Destinations
Spaceships and Rockets
Living in Space
Earth
Explore Earth Science
Climate Change
Earth, Our Planet
Earth Science in Action
Earth Multimedia
Earth Data
Earth Science Researchers
The Solar System
The Sun
Mercury
Venus
Earth
The Moon
Mars
Jupiter
Saturn
Uranus
Neptune
Pluto & Dwarf Planets
Asteroids, Comets & Meteors
The Kuiper Belt
The Oort Cloud
Skywatching
The Universe
Exoplanets
The Search for Life in the Universe
Stars
Galaxies
Black Holes
The Big Bang
Dark Energy
Dark Matter
Science
Earth Science
Planetary Science
Astrophysics & Space Science
The Sun & Heliophysics
Biological & Physical Sciences
Lunar Science
Citizen Science
Astromaterials
Aeronautics Research
Human Space Travel Research
Aeronautics
Science in the Air
NASA Aircraft
Flight Research Innovation
Supersonic Flight
Air Traffic Solutions
Green Aviation Tech
Drones & You
Technology
Technology Transfer & Spinoffs
Space Travel Technology
Technology Living in Space
Manufacturing and Materials
Robotics
Science Instruments
Computing
Learning Resources
For Kids and Students
For Educators
For Colleges and Universities
For Professionals
Science for Everyone
Requests for Exhibits, Artifacts, Speakers & Flyovers
STEM Engagement at NASA
About NASA
NASA's Impacts
Centers and Facilities
Directorates"
NASA,ORG,https://history.nasa.gov/SP-4214/ch2.htm,"People of NASA
Careers
Internships
Our History
Doing Business with NASA
Get Involved
Contact
NASA en Español
Ciencia
Aeronáutica
Ciencias Terrestres
Sistema Solar
Universo
News & Events
News Releases
Recently Published
Video Series on NASA+
Podcasts & Audio
Blogs
Newsletters
Social Media
Media Resources
Events
Upcoming Launches & Landings
Virtual Guest Program
Multimedia
NASA+
Images
NASA Live
NASA Apps
Podcasts
Image of the Day
e-Books
Interactives
STEM Multimedia
NASA Brand & Usage Guidelines
Featured
7 min read
NASA Releases Artemis II Moon Mission Launch Countdown"
NASA+,ORG,https://history.nasa.gov/SP-4214/ch2.htm,"People of NASA
Careers
Internships
Our History
Doing Business with NASA
Get Involved
Contact
NASA en Español
Ciencia
Aeronáutica
Ciencias Terrestres
Sistema Solar
Universo
News & Events
News Releases
Recently Published
Video Series on NASA+
Podcasts & Audio
Blogs
Newsletters
Social Media
Media Resources
Events
Upcoming Launches & Landings
Virtual Guest Program
Multimedia
NASA+
Images
NASA Live
NASA Apps
Podcasts
Image of the Day
e-Books
Interactives
STEM Multimedia
NASA Brand & Usage Guidelines
Featured
7 min read
NASA Releases Artemis II Moon Mission Launch Countdown"
NASA,ORG,https://history.nasa.gov/SP-4214/ch2.htm,"article
1 week ago
4 min read
Preparing for Artemis II: Training for a Mission Around the Moon
article
2 months ago
7 min read
To Protect Artemis II Astronauts, NASA Experts Keep Eyes on Sun"
NASA,ORG,https://history.nasa.gov/SP-4214/ch2.htm,"Highlights
10 min read
NASA Answers Your Most Pressing Artemis II Questions
article
19 hours ago
1 min read
Artemis II Podcast Series
article
1 week ago
7 min read
NASA Releases Artemis II Moon Mission Launch Countdown
article"
March of the,DATE,https://history.nasa.gov/SP-4214/ch2.htm,"Highlights
4 min read
Barents Sea Tied to Low Arctic Sea Ice
article
2 days ago
3 min read
Réunion Island Lava Reaches the Sea
article
3 days ago
3 min read
March of the Harmattan"
NASA,ORG,https://history.nasa.gov/SP-4214/ch2.htm,"Highlights
5 min read
Meet NASA’s New Artemis II Science Officers"
Webb,PERSON,https://history.nasa.gov/SP-4214/ch2.htm,"NASA Webb, Hubble Share Most Comprehensive View of Saturn to Date
article"
Hubble,PERSON,https://history.nasa.gov/SP-4214/ch2.htm,"NASA Webb, Hubble Share Most Comprehensive View of Saturn to Date
article"
NASA,ORG,https://history.nasa.gov/SP-4214/ch2.htm,"5 min read
NASA-JAXA’s XRISM Telescope Clocks Hot Wind of Galaxy M82
article"
NASA,ORG,https://history.nasa.gov/SP-4214/ch2.htm,"4 min read
NASA’s Hubble Revisits Crab Nebula to Track 25 Years of Expansion
article"
Georgia Peterson,PERSON,https://history.nasa.gov/SP-4214/ch2.htm,"4 min read
Barents Sea Tied to Low Arctic Sea Ice
article
2 days ago
2 min read
Georgia Peterson
article
4 days ago
Highlights
4 min read
NASA Selects Finalists in Student Aircraft Maintenance Competition
article
2 weeks ago
2 min read
NASA’s X-59 Experimental Supersonic Aircraft Makes Second Flight
article"
NASA,ORG,https://history.nasa.gov/SP-4214/ch2.htm,"4 min read
Barents Sea Tied to Low Arctic Sea Ice
article
2 days ago
2 min read
Georgia Peterson
article
4 days ago
Highlights
4 min read
NASA Selects Finalists in Student Aircraft Maintenance Competition
article
2 weeks ago
2 min read
NASA’s X-59 Experimental Supersonic Aircraft Makes Second Flight
article"
NASA,ORG,https://history.nasa.gov/SP-4214/ch2.htm,"2 weeks ago
2 min read
NASA Simulations Improve Artemis II Launch Environment
article
2 weeks ago
Highlights
3 min read
Fires Tear Through Nebraska Grasslands
article"
Nebraska,GPE,https://history.nasa.gov/SP-4214/ch2.htm,"2 weeks ago
2 min read
NASA Simulations Improve Artemis II Launch Environment
article
2 weeks ago
Highlights
3 min read
Fires Tear Through Nebraska Grasslands
article"
Erik Richards,PERSON,https://history.nasa.gov/SP-4214/ch2.htm,"3 min read
I Am Artemis: Erik Richards
article
1 week ago
6 min read
NASA Tech and Science Bound for Low Earth Orbit on Commercial Launch
article"
NASA,ORG,https://history.nasa.gov/SP-4214/ch2.htm,"3 min read
I Am Artemis: Erik Richards
article
1 week ago
6 min read
NASA Tech and Science Bound for Low Earth Orbit on Commercial Launch
article"
"Featured
1 min read
Join",PERSON,https://history.nasa.gov/SP-4214/ch2.htm,"Featured
1 min read
Join the Artemis Mission to the Moon
article
5 months ago
Featured
11 min read
NASA’s Artemis II Moon Mission Daily Agenda
article
3 weeks ago
4 min read
Preparing for Artemis II: Training for a Mission Around the Moon
article
2 months ago
3 min read
Track NASA’s Artemis II Mission in Real Time
article
4 weeks ago
Highlights
11 min read
La NASA anuncia la cobertura de la misión lunar Artemis II
article
2 weeks ago
15 min read
Agenda diaria de la misión a la Luna de Artemis II de la NASA
article
3 weeks ago
6 min read
La NASA refuerza Artemis: añade una misión y perfecciona su arquitectura general
article
1 month ago
404
The cosmic object you were looking for has disappeared beyond the event horizon.
Return Home
Sitemap
Contact NASA"
NASA,ORG,https://history.nasa.gov/SP-4214/ch2.htm,"Featured
1 min read
Join the Artemis Mission to the Moon
article
5 months ago
Featured
11 min read
NASA’s Artemis II Moon Mission Daily Agenda
article
3 weeks ago
4 min read
Preparing for Artemis II: Training for a Mission Around the Moon
article
2 months ago
3 min read
Track NASA’s Artemis II Mission in Real Time
article
4 weeks ago
Highlights
11 min read
La NASA anuncia la cobertura de la misión lunar Artemis II
article
2 weeks ago
15 min read
Agenda diaria de la misión a la Luna de Artemis II de la NASA
article
3 weeks ago
6 min read
La NASA refuerza Artemis: añade una misión y perfecciona su arquitectura general
article
1 month ago
404
The cosmic object you were looking for has disappeared beyond the event horizon.
Return Home
Sitemap
Contact NASA"
